assists_by,assists_for,match_id,minutes_played,num_assists,num_goals,num_nutmegs,opponent,season_id
{'Ousmane Dembélé': 1},{},3773631.0,34.0,0.0,1.0,0.0,Real Betis,90.0
{},"{'Moriba Kourouma Kourouma': 1, 'Jordi Alba Ramos': 1}",3773665.0,90.0,2.0,0.0,0.0,Osasuna,90.0
{},{},3773497.0,90.0,0.0,0.0,0.0,Real Madrid,90.0
{'Frenkie de Jong': 1},{},3773660.0,90.0,0.0,1.0,0.0,Levante,90.0
{},{},3773593.0,90.0,0.0,1.0,0.0,Villarreal,90.0
{},{},3773466.0,90.0,0.0,0.0,0.0,Celta Vigo,90.0
{},{},3773585.0,90.0,0.0,0.0,0.0,Real Madrid,90.0
{},{'Frenkie de Jong': 1},3773552.0,90.0,1.0,0.0,0.0,Huesca,90.0
{},{},3773672.0,90.0,0.0,0.0,0.0,Sevilla,90.0
{},{},3773386.0,90.0,0.0,0.0,2.0,Deportivo Alavés,90.0
{'Antoine Griezmann': 1},{},3773565.0,90.0,0.0,2.0,0.0,Granada,90.0
{},{},3773587.0,90.0,0.0,0.0,0.0,Getafe,90.0
{},{},3773656.0,90.0,0.0,0.0,0.0,Atlético Madrid,90.0
{},{},3773377.0,90.0,0.0,1.0,0.0,Valencia,90.0
{'Sergio Busquets i Burgos': 1},{},3773457.0,90.0,0.0,1.0,1.0,Celta Vigo,90.0
{'Antoine Griezmann': 1},{},3773586.0,90.0,0.0,1.0,0.0,Granada,90.0
{},{},3773372.0,90.0,0.0,0.0,1.0,Atlético Madrid,90.0
{},{},3773387.0,90.0,0.0,1.0,0.0,Levante,90.0
{},{},3773695.0,90.0,0.0,2.0,0.0,Valencia,90.0
"{'Francisco António Machado Mota de Castro Trincão': 1, 'Sergio Busquets i Burgos': 1}",{'Óscar Mingueza García': 1},3773369.0,90.0,1.0,2.0,0.0,Huesca,90.0
{'Sergio Busquets i Burgos': 1},{'Ronald Federico Araújo da Silva': 1},3773661.0,90.0,1.0,2.0,0.0,Getafe,90.0
"{'Sergio Busquets i Burgos': 1, 'Jordi Alba Ramos': 1}",{'Sergino Dest': 1},3773597.0,90.0,1.0,2.0,0.0,Real Sociedad,90.0
{},{},3773523.0,90.0,0.0,0.0,1.0,Real Sociedad,90.0
{'Pedro González López': 1},{'Clément Lenglet': 1},3773571.0,90.0,1.0,1.0,0.0,Real Valladolid,90.0
{},{},3773428.0,90.0,0.0,0.0,0.0,Cádiz,90.0
"{'Pedro González López': 1, 'Antoine Griezmann': 1}",{},3764661.0,90.0,0.0,2.0,0.0,Athletic Club,90.0
"{'Sergio Busquets i Burgos': 1, 'Antoine Griezmann': 1}",{'Francisco António Machado Mota de Castro Trincão': 1},3773526.0,90.0,1.0,2.0,0.0,Deportivo Alavés,90.0
{},{},3773474.0,90.0,0.0,0.0,1.0,Real Valladolid,90.0
{},{'Ousmane Dembélé': 1},3773625.0,90.0,1.0,1.0,1.0,Sevilla,90.0
{},{},3773403.0,90.0,0.0,1.0,0.0,Athletic Club,90.0
{'Francisco António Machado Mota de Castro Trincão': 1},{},3773547.0,90.0,0.0,1.0,0.0,Osasuna,90.0
{},{},3773415.0,90.0,0.0,1.0,0.0,Cádiz,90.0
"{'Martin Braithwaite Christensen': 1, 'Frenkie de Jong': 1}",{},3764440.0,90.0,0.0,2.0,0.0,Elche,90.0
{},{},3773689.0,90.0,0.0,0.0,0.0,Villarreal,90.0
{'Sergi Roberto Carnicer': 1},{'Antoine Griezmann': 1},3773477.0,45.0,1.0,2.0,0.0,Real Betis,90.0
"{'Arturo Erasmo Vidal Pardo': 1, 'Ivan Rakitić': 1}",{},303731.0,90.0,0.0,4.0,1.0,Eibar,42.0
{},{},303532.0,90.0,0.0,1.0,2.0,Leganés,42.0
{},{'Luis Alberto Suárez Díaz': 2},303516.0,90.0,2.0,0.0,0.0,Celta Vigo,42.0
{},{},303596.0,90.0,0.0,0.0,0.0,Real Madrid,42.0
{},{'Antoine Griezmann': 1},303430.0,90.0,1.0,0.0,0.0,Villarreal,42.0
{},"{'Luis Alberto Suárez Díaz': 1, 'Antoine Griezmann': 1}",303725.0,90.0,2.0,0.0,0.0,Villarreal,42.0
{},{},303504.0,90.0,0.0,1.0,0.0,Levante,42.0
"{'Luis Alberto Suárez Díaz': 1, 'Ivan Rakitić': 1, 'Antoine Griezmann': 1}",{},303451.0,90.0,0.0,3.0,0.0,Mallorca,42.0
{},{'Luis Alberto Suárez Díaz': 1},303664.0,90.0,1.0,0.0,0.0,Real Sociedad,42.0
{},{'Anssumane Fati': 2},303682.0,90.0,2.0,0.0,1.0,Levante,42.0
{},{},303400.0,90.0,0.0,0.0,0.0,Valencia,42.0
{},{},303634.0,90.0,0.0,1.0,0.0,Osasuna,42.0
"{'Jordi Alba Ramos': 1, 'Ricard Puig Martí': 1}",{},303421.0,90.0,0.0,2.0,0.0,Deportivo Alavés,42.0
{},{},303493.0,90.0,0.0,0.0,0.0,Athletic Club,42.0
{},{'Arturo Erasmo Vidal Pardo': 1},303680.0,90.0,1.0,0.0,0.0,Real Valladolid,42.0
{},{},303479.0,90.0,0.0,1.0,0.0,Real Sociedad,42.0
{},{},303615.0,90.0,0.0,0.0,0.0,Espanyol,42.0
{},{},303696.0,90.0,0.0,1.0,0.0,Atlético Madrid,42.0
{},{},303487.0,90.0,0.0,3.0,0.0,Celta Vigo,42.0
{'Ivan Rakitić': 1},"{'Luis Alberto Suárez Díaz': 1, 'Arturo Erasmo Vidal Pardo': 1}",303600.0,90.0,2.0,2.0,1.0,Real Valladolid,42.0
{'Luis Alberto Suárez Díaz': 1},"{'Martin Braithwaite Christensen': 1, 'Jordi Alba Ramos': 1}",303548.0,90.0,2.0,1.0,0.0,Mallorca,42.0
{},{},303652.0,90.0,0.0,0.0,1.0,Espanyol,42.0
{},{},303674.0,90.0,0.0,0.0,0.0,Sevilla,42.0
{},{},303470.0,90.0,0.0,0.0,0.0,Real Madrid,42.0
{'Antoine Griezmann': 1},{'Luis Alberto Suárez Díaz': 1},303700.0,90.0,1.0,1.0,0.0,Eibar,42.0
{},"{'Frenkie de Jong': 1, 'Sergio Busquets i Burgos': 1, 'Clément Lenglet': 1}",303707.0,90.0,3.0,0.0,0.0,Real Betis,42.0
{},{},303666.0,45.0,0.0,0.0,0.0,Granada,42.0
{},{'Luis Alberto Suárez Díaz': 1},303715.0,90.0,1.0,0.0,0.0,Leganés,42.0
{},{'Antoine Griezmann': 1},303377.0,90.0,1.0,0.0,0.0,Getafe,42.0
{'Luis Alberto Suárez Díaz': 1},{},303524.0,90.0,0.0,1.0,2.0,Atlético Madrid,42.0
{'Luis Alberto Suárez Díaz': 1},{},303517.0,90.0,0.0,1.0,0.0,Deportivo Alavés,42.0
{'Arturo Erasmo Vidal Pardo': 1},{},303610.0,90.0,0.0,1.0,1.0,Granada,42.0
{},{},303473.0,90.0,0.0,1.0,0.0,Sevilla,42.0
{},{'Philippe Coutinho Correia': 1},15998.0,90.0,1.0,0.0,0.0,Leganés,4.0
{'Luis Alberto Suárez Díaz': 1},{'Philippe Coutinho Correia': 1},16029.0,90.0,1.0,1.0,0.0,Sevilla,4.0
{},{'Ousmane Dembélé': 1},16073.0,90.0,1.0,0.0,1.0,Atlético Madrid,4.0
{},{'Ousmane Dembélé': 1},16086.0,90.0,1.0,2.0,1.0,Espanyol,4.0
"{'Ousmane Dembélé': 1, 'Ivan Rakitić': 1}",{'Luis Alberto Suárez Díaz': 1},16190.0,90.0,1.0,3.0,0.0,Sevilla,4.0
{'Jordi Alba Ramos': 1},{},16109.0,90.0,0.0,1.0,0.0,Celta Vigo,4.0
{},{},16120.0,90.0,0.0,1.0,0.0,Getafe,4.0
{},{},16182.0,90.0,0.0,1.0,0.0,Real Valladolid,4.0
"{'Ivan Rakitić': 1, 'Luis Alberto Suárez Díaz': 1}",{},16215.0,90.0,0.0,3.0,0.0,Real Betis,4.0
{},{},16173.0,90.0,0.0,0.0,1.0,Athletic Club,4.0
{},{'Jordi Alba Ramos': 1},16265.0,90.0,1.0,0.0,0.0,Real Sociedad,4.0
{'Luis Alberto Suárez Díaz': 1},{},15946.0,90.0,0.0,2.0,0.0,Deportivo Alavés,4.0
{'Arturo Erasmo Vidal Pardo': 1},{},16157.0,90.0,0.0,2.0,0.0,Valencia,4.0
{'Jordi Alba Ramos': 1},{},16136.0,27.0,0.0,1.0,0.0,Leganés,4.0
{},{},16248.0,90.0,0.0,1.0,0.0,Atlético Madrid,4.0
{'Arturo Erasmo Vidal Pardo': 1},{},16056.0,90.0,0.0,2.0,2.0,Real Betis,4.0
{'Arturo Erasmo Vidal Pardo': 1},{},16289.0,45.0,0.0,1.0,0.0,Levante,4.0
{},{'Carles Aleña Castillo': 1},16079.0,90.0,1.0,0.0,0.0,Villarreal,4.0
{'Jordi Alba Ramos': 1},{},16149.0,90.0,0.0,1.0,0.0,Girona,4.0
{},{},16275.0,30.0,0.0,0.0,0.0,Deportivo Alavés,4.0
"{'Philippe Coutinho Correia': 1, 'Ivan Rakitić': 1}","{'Ivan Rakitić': 1, 'Jordi Alba Ramos': 1}",15973.0,90.0,2.0,2.0,0.0,Huesca,4.0
"{'Ivan Rakitić': 1, 'Arturo Erasmo Vidal Pardo': 1}",{},16317.0,90.0,0.0,2.0,0.0,Eibar,4.0
{'Luis Alberto Suárez Díaz': 1},{},16131.0,90.0,0.0,1.0,1.0,Eibar,4.0
{},{'Gerard Piqué Bernabéu': 1},16205.0,90.0,1.0,1.0,1.0,Rayo Vallecano,4.0
"{'Arturo Erasmo Vidal Pardo': 1, 'Sergio Busquets i Burgos': 1}","{'Luis Alberto Suárez Díaz': 1, 'Gerard Piqué Bernabéu': 1}",16095.0,90.0,2.0,3.0,0.0,Levante,4.0
{},{},16306.0,90.0,0.0,0.0,0.0,Getafe,4.0
{},{'Munir El Haddadi Mohamed': 1},16010.0,36.0,1.0,0.0,1.0,Athletic Club,4.0
{'Arturo Erasmo Vidal Pardo': 1},{},15986.0,90.0,0.0,1.0,0.0,Girona,4.0
{},{},16240.0,30.0,0.0,1.0,1.0,Villarreal,4.0
{},{},15978.0,90.0,0.0,0.0,0.0,Real Sociedad,4.0
{'Luis Alberto Suárez Díaz': 1},{},16023.0,90.0,0.0,1.0,0.0,Valencia,4.0
{},{},16196.0,90.0,0.0,0.0,0.0,Real Madrid,4.0
{},{},15956.0,90.0,0.0,0.0,0.0,Real Valladolid,4.0
{'Malcom Filipe Silva de Oliveira': 1},{},16231.0,90.0,0.0,2.0,0.0,Espanyol,4.0
{'Ousmane Dembélé': 1},{},9855.0,90.0,0.0,1.0,0.0,Athletic Club,1.0
{},{},9827.0,90.0,0.0,1.0,1.0,Las Palmas,1.0
{},{'Luis Alberto Suárez Díaz': 1},9799.0,90.0,1.0,0.0,0.0,Eibar,1.0
"{'Denis Suárez Fernández': 1, 'Luis Alberto Suárez Díaz': 1}",{'Sergio Busquets i Burgos': 1},9636.0,90.0,1.0,2.0,0.0,Las Palmas,1.0
"{'Sergio Busquets i Burgos': 1, 'Aleix Vidal Parreu': 1, 'José Paulo Bezzera Maciel Júnior': 1}",{},9609.0,90.0,0.0,4.0,0.0,Eibar,1.0
{},{},9575.0,90.0,0.0,0.0,1.0,Real Betis,1.0
{'Andrés Iniesta Luján': 1},{},9928.0,90.0,0.0,1.0,0.0,Villarreal,1.0
{},{'Aleix Vidal Parreu': 1},9736.0,90.0,1.0,1.0,0.0,Real Madrid,1.0
{'Jordi Alba Ramos': 1},{'José Paulo Bezzera Maciel Júnior': 1},9742.0,90.0,1.0,1.0,0.0,Levante,1.0
"{'Luis Alberto Suárez Díaz': 1, 'Sergio Busquets i Burgos': 1}",{'Luis Alberto Suárez Díaz': 1},9765.0,90.0,1.0,2.0,1.0,Real Betis,1.0
{},{},9880.0,90.0,0.0,0.0,0.0,Valencia,1.0
{'Luis Alberto Suárez Díaz': 1},{},9924.0,90.0,0.0,1.0,0.0,Real Madrid,1.0
{'Jordi Alba Ramos': 1},{},9661.0,90.0,0.0,1.0,0.0,Athletic Club,1.0
"{'Jordi Alba Ramos': 2, 'Ivan Rakitić': 1}",{},9592.0,90.0,0.0,3.0,1.0,Espanyol,1.0
"{'Ousmane Dembélé': 1, 'Philippe Coutinho Correia': 1}",{},9870.0,90.0,0.0,3.0,0.0,Leganés,1.0
{},{'Gerard Piqué Bernabéu': 1},9783.0,33.0,1.0,0.0,0.0,Espanyol,1.0
{'José Paulo Bezzera Maciel Júnior': 1},{},9700.0,90.0,0.0,1.0,2.0,Celta Vigo,1.0
{'Philippe Coutinho Correia': 1},{},9860.0,33.0,0.0,1.0,0.0,Sevilla,1.0
{},{'Jordi Alba Ramos': 1},9695.0,90.0,1.0,0.0,0.0,Valencia,1.0
{},{},9794.0,90.0,0.0,0.0,0.0,Getafe,1.0
{'Sergio Busquets i Burgos': 1},{},9717.0,90.0,0.0,1.0,1.0,Villarreal,1.0
{},{},9673.0,90.0,0.0,0.0,0.0,Sevilla,1.0
{},{'Andrés Iniesta Luján': 1},9650.0,90.0,1.0,0.0,0.0,Málaga,1.0
{},{},9620.0,90.0,0.0,0.0,0.0,Girona,1.0
{},{},9837.0,90.0,0.0,1.0,0.0,Atlético Madrid,1.0
{'Luis Alberto Suárez Díaz': 3},{},9912.0,90.0,0.0,3.0,0.0,Deportivo La Coruna,1.0
{'Luis Alberto Suárez Díaz': 1},{'Luis Alberto Suárez Díaz': 1},9811.0,90.0,1.0,2.0,0.0,Girona,1.0
{},{},9642.0,90.0,0.0,0.0,2.0,Atlético Madrid,1.0
{},{},9774.0,90.0,0.0,1.0,0.0,Deportivo Alavés,1.0
{},{'José Paulo Bezzera Maciel Júnior': 1},9602.0,90.0,1.0,0.0,1.0,Getafe,1.0
{},{},9948.0,24.0,0.0,0.0,0.0,Real Sociedad,1.0
{},{},9682.0,90.0,0.0,0.0,1.0,Leganés,1.0
"{'Francisco Alcácer García': 1, 'Jordi Alba Ramos': 1}",{},9581.0,90.0,0.0,2.0,2.0,Deportivo Alavés,1.0
{},{'Luis Alberto Suárez Díaz': 1},9726.0,90.0,1.0,0.0,1.0,Deportivo La Coruna,1.0
{},{'Luis Alberto Suárez Díaz': 1},9754.0,90.0,1.0,1.0,0.0,Real Sociedad,1.0
{},{},9889.0,31.0,0.0,0.0,0.0,Celta Vigo,1.0
{'Neymar da Silva Santos Junior': 1},{'Luis Alberto Suárez Díaz': 1},266989.0,90.0,1.0,1.0,0.0,Sevilla,2.0
"{'Sergio Busquets i Burgos': 1, 'Jordi Alba Ramos': 1}",{},266357.0,90.0,0.0,2.0,1.0,Osasuna,2.0
"{'Ivan Rakitić': 1, 'Jordi Alba Ramos': 1}",{},267569.0,90.0,0.0,2.0,0.0,Real Madrid,2.0
{'Luis Alberto Suárez Díaz': 1},{'Luis Alberto Suárez Díaz': 1},267212.0,90.0,1.0,2.0,0.0,Leganés,2.0
{},{},266669.0,31.0,0.0,0.0,0.0,Deportivo Alavés,2.0
{},{},266892.0,90.0,0.0,0.0,0.0,Athletic Club,2.0
{},{},267220.0,90.0,0.0,0.0,0.0,Atlético Madrid,2.0
{'Sergi Roberto Carnicer': 1},{'Luis Alberto Suárez Díaz': 1},267670.0,90.0,1.0,2.0,0.0,Real Betis,2.0
{},{'Luis Alberto Suárez Díaz': 1},266516.0,90.0,1.0,0.0,3.0,Real Betis,2.0
{},{},267039.0,90.0,0.0,0.0,0.0,Las Palmas,2.0
{},{},266477.0,90.0,0.0,1.0,1.0,Villarreal,2.0
{'Ivan Rakitić': 1},{},267101.0,90.0,0.0,2.0,0.0,Osasuna,2.0
{'Javier Alejandro Mascherano': 1},{},266440.0,90.0,0.0,2.0,0.0,Valencia,2.0
{'Ivan Rakitić': 1},{},266033.0,90.0,0.0,2.0,0.0,Valencia,2.0
{},{},267660.0,90.0,0.0,0.0,0.0,Deportivo La Coruna,2.0
{},{},266273.0,90.0,0.0,1.0,0.0,Deportivo Alavés,2.0
{},{},267395.0,90.0,0.0,1.0,0.0,Las Palmas,2.0
{},{},266874.0,90.0,0.0,1.0,0.0,Athletic Club,2.0
{'Luis Alberto Suárez Díaz': 1},{},266731.0,90.0,0.0,1.0,0.0,Eibar,2.0
{'Luis Alberto Suárez Díaz': 1},{},266528.0,90.0,0.0,1.0,1.0,Espanyol,2.0
{'Luis Alberto Suárez Díaz': 1},{},266280.0,90.0,0.0,2.0,1.0,Sevilla,2.0
{},{},267432.0,90.0,0.0,2.0,1.0,Eibar,2.0
{},{},267076.0,90.0,0.0,0.0,0.0,Real Madrid,2.0
{},{},267590.0,90.0,0.0,0.0,0.0,Málaga,2.0
{'Luis Alberto Suárez Díaz': 1},{'Francisco Alcácer García': 1},267373.0,90.0,1.0,2.0,0.0,Real Sociedad,2.0
{},{'Ivan Rakitić': 1},267077.0,90.0,1.0,0.0,1.0,Espanyol,2.0
{'Sergio Busquets i Burgos': 1},{},266952.0,90.0,0.0,2.0,0.0,Villarreal,2.0
{},{},267464.0,90.0,0.0,1.0,0.0,Atlético Madrid,2.0
"{'Rafael Alcântara do Nascimento': 1, 'Sergio Busquets i Burgos': 1}","{'Samuel Yves Umtiti': 1, 'Neymar da Silva Santos Junior': 1}",266299.0,90.0,2.0,2.0,0.0,Celta Vigo,2.0
{'Neymar da Silva Santos Junior': 1},{},266191.0,90.0,0.0,1.0,2.0,Real Sociedad,2.0
{'Javier Alejandro Mascherano': 1},{'Francisco Alcácer García': 1},265952.0,90.0,1.0,1.0,0.0,Sporting Gijón,2.0
{'Neymar da Silva Santos Junior': 1},{},267492.0,36.0,0.0,1.0,0.0,Deportivo La Coruna,2.0
{'Luis Alberto Suárez Díaz': 1},{},267596.0,90.0,0.0,2.0,0.0,Leganés,2.0
{},{},267058.0,90.0,0.0,0.0,1.0,Granada,2.0
{'Arda Turan': 1},"{'Neymar da Silva Santos Junior': 2, 'Munir El Haddadi Mohamed': 1}",266498.0,90.0,3.0,1.0,0.0,Getafe,27.0
{},"{'Luis Alberto Suárez Díaz': 1, 'Ivan Rakitić': 1}",266986.0,90.0,2.0,0.0,0.0,Real Betis,27.0
{},{},267533.0,90.0,0.0,0.0,0.0,Real Madrid,27.0
{'Luis Alberto Suárez Díaz': 1},{'Luis Alberto Suárez Díaz': 2},266310.0,90.0,2.0,1.0,0.0,Deportivo La Coruna,27.0
{'Jordi Alba Ramos': 1},{},267576.0,90.0,0.0,1.0,0.0,Atlético Madrid,27.0
"{'Sergio Busquets i Burgos': 1, 'Neymar da Silva Santos Junior': 1}",{},266653.0,90.0,0.0,3.0,0.0,Rayo Vallecano,27.0
{},{'Luis Alberto Suárez Díaz': 1},265944.0,90.0,1.0,1.0,0.0,Sporting Gijón,27.0
{'Adriano Correia Claro': 1},{},265894.0,90.0,0.0,1.0,0.0,Málaga,27.0
{},{'Luis Alberto Suárez Díaz': 1},265958.0,90.0,1.0,1.0,1.0,Espanyol,27.0
{},{},267611.0,90.0,0.0,0.0,0.0,Las Palmas,27.0
{},{},267422.0,90.0,0.0,0.0,0.0,Málaga,27.0
{},{},266236.0,90.0,0.0,0.0,2.0,Athletic Club,27.0
{},{'Luis Alberto Suárez Díaz': 1},267274.0,90.0,1.0,0.0,0.0,Valencia,27.0
{},{'Ivan Rakitić': 1},266961.0,90.0,1.0,1.0,0.0,Deportivo La Coruna,27.0
{'Neymar da Silva Santos Junior': 1},{},266885.0,90.0,0.0,1.0,0.0,Real Sociedad,27.0
{'Luis Alberto Suárez Díaz': 2},{},266815.0,90.0,0.0,2.0,0.0,Sporting Gijón,27.0
{},{},267506.0,90.0,0.0,0.0,0.0,Granada,27.0
{},{},266664.0,90.0,0.0,0.0,0.0,Real Sociedad,27.0
{},{},266106.0,90.0,0.0,0.0,0.0,Villarreal,27.0
{},{},266670.0,90.0,0.0,0.0,0.0,Espanyol,27.0
{},{},266149.0,90.0,0.0,1.0,0.0,Athletic Club,27.0
"{'Luis Alberto Suárez Díaz': 1, 'Arda Turan': 1}",{},266620.0,90.0,0.0,3.0,0.0,Granada,27.0
{'Munir El Haddadi Mohamed': 1},{},266056.0,90.0,0.0,2.0,0.0,Eibar,27.0
{'Neymar da Silva Santos Junior': 1},{},267327.0,90.0,0.0,1.0,0.0,Real Betis,27.0
{'Luis Alberto Suárez Díaz': 1},{},266166.0,31.0,0.0,1.0,1.0,Atlético Madrid,27.0
{},{'Luis Alberto Suárez Díaz': 1},266160.0,90.0,1.0,0.0,0.0,Levante,27.0
{},{},265839.0,90.0,0.0,1.0,0.0,Sevilla,27.0
{},{},266424.0,34.0,0.0,0.0,0.0,Real Madrid,27.0
{},{'Neymar da Silva Santos Junior': 1},266467.0,90.0,1.0,0.0,0.0,Celta Vigo,27.0
{},{},267273.0,90.0,0.0,0.0,0.0,Las Palmas,27.0
{'Marc Bartra Aregall': 1},{'Marc Bartra Aregall': 1},266490.0,90.0,1.0,2.0,1.0,Levante,27.0
{},{'Luis Alberto Suárez Díaz': 1},266254.0,90.0,1.0,1.0,1.0,Celta Vigo,27.0
{'Jordi Alba Ramos': 1},{},266557.0,90.0,0.0,1.0,0.0,Valencia,27.0
{},{'Jérémy Mathieu': 1},267183.0,90.0,1.0,0.0,1.0,Real Madrid,26.0
{'Neymar da Silva Santos Junior': 2},{},265835.0,90.0,0.0,3.0,1.0,Sevilla,26.0
{},{},266838.0,90.0,0.0,0.0,0.0,Málaga,26.0
{'Luis Alberto Suárez Díaz': 1},{'Luis Alberto Suárez Díaz': 1},265963.0,90.0,1.0,2.0,0.0,Getafe,26.0
{'Daniel Alves da Silva': 1},"{'Ivan Rakitić': 1, 'Neymar da Silva Santos Junior': 1}",266117.0,90.0,2.0,2.0,0.0,Granada,26.0
{},{'Luis Alberto Suárez Díaz': 1},266916.0,90.0,1.0,3.0,0.0,Rayo Vallecano,26.0
"{'Rafael Alcântara do Nascimento': 1, 'Neymar da Silva Santos Junior': 1}",{},267197.0,90.0,0.0,2.0,1.0,Deportivo La Coruna,26.0
{},{},70264.0,90.0,0.0,0.0,1.0,Getafe,26.0
{},{'Neymar da Silva Santos Junior': 2},70273.0,90.0,2.0,0.0,0.0,Athletic Club,26.0
{},{},267301.0,90.0,0.0,0.0,1.0,Celta Vigo,26.0
{'Neymar da Silva Santos Junior': 1},{'Xavier Hernández Creus': 1},265896.0,90.0,1.0,1.0,0.0,Eibar,26.0
{'Daniel Alves da Silva': 1},{'Ivan Rakitić': 1},265866.0,90.0,1.0,2.0,1.0,Córdoba,26.0
{'Marc Bartra Aregall': 1},{},267400.0,90.0,0.0,1.0,0.0,Almería,26.0
{},{},266406.0,90.0,0.0,0.0,0.0,Villarreal,26.0
{},{},267085.0,90.0,0.0,0.0,0.0,Real Madrid,26.0
{'Gerard Piqué Bernabéu': 1},{},267561.0,90.0,0.0,1.0,0.0,Rayo Vallecano,26.0
{},{},266148.0,90.0,0.0,0.0,2.0,Málaga,26.0
{},{},266045.0,90.0,0.0,0.0,0.0,Real Sociedad,26.0
{},{},70303.0,90.0,0.0,1.0,2.0,Atlético Madrid,26.0
{},{},266240.0,45.0,0.0,0.0,0.0,Real Sociedad,26.0
{'Luis Alberto Suárez Díaz': 1},{},267597.0,90.0,0.0,1.0,0.0,Villarreal,26.0
{'Marc Bartra Aregall': 1},{'Neymar da Silva Santos Junior': 2},266794.0,90.0,2.0,2.0,0.0,Elche,26.0
{'Luis Alberto Suárez Díaz': 1},{},267343.0,90.0,0.0,1.0,0.0,Granada,26.0
{'Pedro Eliezer Rodríguez Ledesma': 1},{},266631.0,90.0,0.0,1.0,0.0,Atlético Madrid,26.0
"{'Pedro Eliezer Rodríguez Ledesma': 1, 'Luis Alberto Suárez Díaz': 1, 'Xavier Hernández Creus': 1}",{},266320.0,90.0,0.0,3.0,1.0,Espanyol,26.0
"{'Daniel Alves da Silva': 1, 'Ivan Rakitić': 1}",{},266230.0,90.0,0.0,3.0,0.0,Deportivo La Coruna,26.0
{},{'Luis Alberto Suárez Díaz': 1},266525.0,90.0,1.0,1.0,1.0,Valencia,26.0
{},{},266560.0,90.0,0.0,0.0,0.0,Valencia,26.0
{},{},266846.0,90.0,0.0,2.0,1.0,Córdoba,26.0
{'Luis Alberto Suárez Díaz': 1},{},266531.0,90.0,0.0,1.0,1.0,Espanyol,26.0
{'Sergio Busquets i Burgos': 1},{},266921.0,90.0,0.0,2.0,0.0,Elche,26.0
{},{},267499.0,90.0,0.0,0.0,0.0,Almería,26.0
"{'Pedro Eliezer Rodríguez Ledesma': 1, 'Marc Bartra Aregall': 1}",{'Neymar da Silva Santos Junior': 1},266741.0,90.0,1.0,3.0,0.0,Levante,26.0
{},"{'Luis Alberto Suárez Díaz': 1, 'Neymar da Silva Santos Junior': 1}",266871.0,90.0,2.0,1.0,0.0,Athletic Club,26.0
{'Ivan Rakitić': 1},{},266967.0,90.0,0.0,2.0,3.0,Eibar,26.0
{},{},266929.0,90.0,0.0,0.0,1.0,Celta Vigo,26.0
{},"{'Sandro Ramírez Castillo': 1, 'Neymar da Silva Santos Junior': 1}",266770.0,90.0,2.0,1.0,1.0,Levante,26.0
{'Neymar da Silva Santos Junior': 1},{},266142.0,90.0,0.0,1.0,0.0,Sevilla,26.0
{},{},267368.0,90.0,0.0,2.0,0.0,Real Betis,25.0
{'Neymar da Silva Santos Junior': 1},{},70301.0,90.0,0.0,1.0,0.0,Sevilla,25.0
"{'Francesc Fàbregas i Soler': 2, 'Neymar da Silva Santos Junior': 1}",{},70298.0,90.0,0.0,3.0,0.0,Valencia,25.0
{},{'Pedro Eliezer Rodríguez Ledesma': 1},70302.0,90.0,1.0,0.0,0.0,Rayo Vallecano,25.0
{},{'Pedro Eliezer Rodríguez Ledesma': 1},70291.0,90.0,1.0,0.0,0.0,Málaga,25.0
{},{},267138.0,90.0,0.0,0.0,1.0,Granada,25.0
{'Neymar da Silva Santos Junior': 1},{'Marc Bartra Aregall': 1},267520.0,90.0,1.0,1.0,0.0,Real Sociedad,25.0
{'Francesc Fàbregas i Soler': 1},{},70289.0,90.0,0.0,1.0,1.0,Villarreal,25.0
{},{},266066.0,90.0,0.0,1.0,0.0,Almería,25.0
"{'Pedro Eliezer Rodríguez Ledesma': 1, 'Andrés Iniesta Luján': 1}",{'Alexis Alejandro Sánchez Sánchez': 1},267675.0,90.0,1.0,2.0,0.0,Sevilla,25.0
{},{},70288.0,90.0,0.0,0.0,0.0,Levante,25.0
"{'Andrés Iniesta Luján': 1, 'Daniel Alves da Silva': 1, 'Alexis Alejandro Sánchez Sánchez': 1}",{'Pedro Eliezer Rodríguez Ledesma': 1},266074.0,90.0,1.0,3.0,1.0,Osasuna,25.0
{},{},267567.0,90.0,0.0,1.0,0.0,Athletic Club,25.0
{},{},266201.0,90.0,0.0,0.0,0.0,Elche,25.0
{'Andrés Iniesta Luján': 1},{},266274.0,90.0,0.0,1.0,0.0,Celta Vigo,25.0
{},{},70293.0,90.0,0.0,0.0,0.0,Real Madrid,25.0
"{'Francesc Fàbregas i Soler': 1, 'Alexis Alejandro Sánchez Sánchez': 1}",{'Alexis Alejandro Sánchez Sánchez': 1},265918.0,90.0,1.0,2.0,0.0,Rayo Vallecano,25.0
{'Pedro Eliezer Rodríguez Ledesma': 1},{'Pedro Eliezer Rodríguez Ledesma': 1},70277.0,90.0,1.0,2.0,1.0,Levante,25.0
{},{},70283.0,90.0,0.0,0.0,0.0,Espanyol,25.0
{},{},70306.0,90.0,0.0,1.0,1.0,Espanyol,25.0
{},{'Alexis Alejandro Sánchez Sánchez': 1},266256.0,90.0,1.0,0.0,1.0,Atlético Madrid,25.0
{},{'Alexis Alejandro Sánchez Sánchez': 1},266613.0,90.0,1.0,1.0,3.0,Valencia,25.0
{'Daniel Alves da Silva': 1},{},266491.0,90.0,0.0,1.0,1.0,Getafe,25.0
{},{},265830.0,45.0,0.0,0.0,0.0,Atlético Madrid,25.0
{},{'Andrés Iniesta Luján': 1},265857.0,90.0,1.0,3.0,0.0,Real Madrid,25.0
{},{},266883.0,90.0,0.0,0.0,0.0,Real Betis,25.0
{},{},266603.0,90.0,0.0,0.0,1.0,Real Valladolid,25.0
{'Sergio Busquets i Burgos': 1},{},265837.0,90.0,0.0,1.0,0.0,Real Sociedad,25.0
{},{},266462.0,23.0,0.0,0.0,0.0,Osasuna,25.0
{},{'Francesc Fàbregas i Soler': 1},267192.0,90.0,1.0,0.0,0.0,Celta Vigo,25.0
{'Pedro Eliezer Rodríguez Ledesma': 1},{},266420.0,90.0,0.0,1.0,0.0,Almería,25.0
{'Xavier Hernández Creus': 1},{},266015.0,90.0,0.0,1.0,1.0,Real Valladolid,24.0
{},{},70270.0,90.0,0.0,0.0,0.0,Granada,24.0
{'Alexis Alejandro Sánchez Sánchez': 1},{},70281.0,35.0,0.0,2.0,1.0,Real Betis,24.0
{},{},70308.0,90.0,0.0,0.0,0.0,Celta Vigo,24.0
{},{},70282.0,90.0,0.0,1.0,0.0,Valencia,24.0
"{'Sergio Busquets i Burgos': 1, 'Alexis Alejandro Sánchez Sánchez': 1}",{},266724.0,90.0,0.0,2.0,1.0,Mallorca,24.0
{'Daniel Alves da Silva': 1},{},70272.0,90.0,0.0,1.0,0.0,Real Madrid,24.0
{'Francesc Fàbregas i Soler': 2},{'Cristian Tello Herrera': 1},70304.0,90.0,1.0,3.0,0.0,Deportivo La Coruna,24.0
{'Andrés Iniesta Luján': 2},{},70280.0,90.0,0.0,2.0,0.0,Levante,24.0
{'Alexis Alejandro Sánchez Sánchez': 1},{},70296.0,90.0,0.0,2.0,0.0,Atlético Madrid,24.0
{'Thiago Alcântara do Nascimento': 1},{'Cristian Tello Herrera': 1},70297.0,90.0,1.0,1.0,0.0,Getafe,24.0
{},{},266433.0,90.0,0.0,1.0,0.0,Espanyol,24.0
{'Cristian Tello Herrera': 1},{'Cristian Tello Herrera': 1},70256.0,90.0,1.0,1.0,1.0,Celta Vigo,24.0
"{'Pedro Eliezer Rodríguez Ledesma': 1, 'Cristian Tello Herrera': 1}",{},70259.0,90.0,0.0,2.0,0.0,Real Sociedad,24.0
"{'David Villa Sánchez': 1, 'Xavier Hernández Creus': 1, 'Adriano Correia Claro': 1}",{},70260.0,90.0,0.0,4.0,0.0,Osasuna,24.0
"{'Pedro Eliezer Rodríguez Ledesma': 1, 'Xavier Hernández Creus': 1}",{},70263.0,90.0,0.0,2.0,1.0,Athletic Club,24.0
"{'Francesc Fàbregas i Soler': 1, 'Martín Montoya Torralbo': 1}",{},70276.0,90.0,0.0,2.0,0.0,Rayo Vallecano,24.0
{'Francesc Fàbregas i Soler': 1},{},70287.0,90.0,0.0,1.0,0.0,Real Sociedad,24.0
{},{},70284.0,90.0,0.0,0.0,0.0,Atlético Madrid,24.0
{},"{'David Villa Sánchez': 1, 'Francesc Fàbregas i Soler': 1}",70275.0,90.0,2.0,0.0,0.0,Sevilla,24.0
{},{'Adriano Correia Claro': 1},70286.0,90.0,1.0,0.0,2.0,Valencia,24.0
"{'Martín Montoya Torralbo': 1, 'Jordi Alba Ramos': 1}",{'Alexandre Dimitri Song-Billong': 1},70309.0,90.0,1.0,2.0,0.0,Real Zaragoza,24.0
{},{},70300.0,90.0,0.0,2.0,0.0,Real Madrid,24.0
{'Andrés Iniesta Luján': 2},{},70295.0,90.0,0.0,2.0,0.0,Real Betis,24.0
{'David Villa Sánchez': 1},{'David Villa Sánchez': 1},70307.0,90.0,1.0,2.0,1.0,Rayo Vallecano,24.0
{'Alexis Alejandro Sánchez Sánchez': 1},{},70305.0,29.0,0.0,1.0,0.0,Deportivo La Coruna,24.0
{},"{'Francesc Fàbregas i Soler': 1, 'Thiago Alcântara do Nascimento': 1}",266827.0,90.0,2.0,1.0,0.0,Málaga,24.0
{'Thiago Alcântara do Nascimento': 1},{},267502.0,32.0,0.0,1.0,0.0,Athletic Club,24.0
{'Cristian Tello Herrera': 1},{},70271.0,90.0,0.0,1.0,0.0,Sevilla,24.0
{},{},70294.0,90.0,0.0,2.0,0.0,Granada,24.0
"{'Jordi Alba Ramos': 1, 'Alexis Alejandro Sánchez Sánchez': 1}",{},70262.0,90.0,0.0,2.0,2.0,Osasuna,24.0
{},{},70292.0,32.0,0.0,2.0,0.0,Getafe,24.0
{'Sergio Busquets i Burgos': 1},{},69328.0,90.0,0.0,4.0,0.0,Valencia,23.0
{},{},69329.0,90.0,0.0,0.0,0.0,Sevilla,23.0
{'Alexis Alejandro Sánchez Sánchez': 1},{'Pedro Eliezer Rodríguez Ledesma': 1},70219.0,90.0,1.0,2.0,0.0,Real Zaragoza,23.0
{'Francesc Fàbregas i Soler': 1},{},69331.0,90.0,0.0,1.0,0.0,Real Zaragoza,23.0
{},{},69337.0,90.0,0.0,1.0,1.0,Atlético Madrid,23.0
{'Francesc Fàbregas i Soler': 1},{},69322.0,90.0,0.0,2.0,0.0,Racing Santander,23.0
{'Daniel Alves da Silva': 1},{'Cristian Tello Herrera': 1},69316.0,90.0,1.0,1.0,0.0,Real Sociedad,23.0
{'Daniel Alves da Silva': 1},{},69332.0,90.0,0.0,1.0,1.0,Rayo Vallecano,23.0
"{'Pedro Eliezer Rodríguez Ledesma': 1, 'Thiago Alcântara do Nascimento': 1, 'Adriano Correia Claro': 1}",{},69335.0,90.0,0.0,3.0,0.0,Málaga,23.0
{},{},69330.0,90.0,0.0,1.0,0.0,Athletic Club,23.0
"{'Pedro Eliezer Rodríguez Ledesma': 1, 'David Villa Sánchez': 1}",{},69297.0,90.0,0.0,3.0,0.0,Atlético Madrid,23.0
{},{},69325.0,90.0,0.0,1.0,1.0,Mallorca,23.0
{},{},69324.0,90.0,0.0,0.0,0.0,Real Madrid,23.0
{'Daniel Alves da Silva': 2},{'Xavier Hernández Creus': 1},70225.0,90.0,1.0,3.0,0.0,Granada,23.0
{'Andrés Iniesta Luján': 1},{},69293.0,90.0,0.0,2.0,2.0,Racing Santander,23.0
{},"{'Pedro Eliezer Rodríguez Ledesma': 1, 'Francesc Fàbregas i Soler': 1}",70223.0,90.0,2.0,0.0,0.0,Valencia,23.0
{'Daniel Alves da Silva': 1},{'Alexis Alejandro Sánchez Sánchez': 1},69333.0,90.0,1.0,1.0,0.0,Levante,23.0
{},{},69264.0,29.0,0.0,0.0,0.0,Real Sociedad,23.0
{'Andrés Iniesta Luján': 1},"{'Pedro Eliezer Rodríguez Ledesma': 1, 'Alexis Alejandro Sánchez Sánchez': 1}",69343.0,90.0,2.0,1.0,0.0,Getafe,23.0
{'Andrés Iniesta Luján': 1},{},69340.0,90.0,0.0,3.0,0.0,Málaga,23.0
{},{},69265.0,90.0,0.0,0.0,1.0,Sporting Gijón,23.0
{},{},69319.0,90.0,0.0,0.0,0.0,Real Betis,23.0
{},{'Alexis Alejandro Sánchez Sánchez': 1},69334.0,90.0,1.0,0.0,0.0,Real Madrid,23.0
{'Alexis Alejandro Sánchez Sánchez': 1},{},69327.0,90.0,0.0,2.0,0.0,Real Betis,23.0
{},{},69315.0,90.0,0.0,0.0,0.0,Getafe,23.0
{},{},69336.0,90.0,0.0,0.0,0.0,Osasuna,23.0
{'Andrés Iniesta Luján': 1},{},69326.0,90.0,0.0,1.0,1.0,Sevilla,23.0
"{'Andrés Iniesta Luján': 1, 'Thiago Alcântara do Nascimento': 1}",{'Francesc Fàbregas i Soler': 1},69268.0,90.0,1.0,2.0,0.0,Villarreal,23.0
{'Adriano Correia Claro': 1},{},69320.0,90.0,0.0,4.0,0.0,Espanyol,23.0
{},{},69312.0,90.0,0.0,0.0,0.0,Espanyol,23.0
{'Daniel Alves da Silva': 1},{'Daniel Alves da Silva': 1},69314.0,90.0,1.0,3.0,0.0,Mallorca,23.0
{},{},69318.0,90.0,0.0,0.0,0.0,Granada,23.0
{},{},69338.0,90.0,0.0,0.0,0.0,Villarreal,23.0
"{'Francesc Fàbregas i Soler': 2, 'Daniel Alves da Silva': 1}","{'Francesc Fàbregas i Soler': 1, 'Xavier Hernández Creus': 1}",70220.0,90.0,2.0,3.0,0.0,Osasuna,23.0
{'Pedro Eliezer Rodríguez Ledesma': 2},"{'Pedro Eliezer Rodríguez Ledesma': 1, 'Seydou Kéita': 1}",70224.0,90.0,2.0,2.0,0.0,Rayo Vallecano,23.0
{'Alexis Alejandro Sánchez Sánchez': 1},{},70221.0,90.0,0.0,2.0,0.0,Levante,23.0
{},{'Andrés Iniesta Luján': 1},69323.0,90.0,1.0,1.0,0.0,Athletic Club,23.0
{'Daniel Alves da Silva': 1},{},69276.0,90.0,0.0,3.0,1.0,Atlético Madrid,22.0
{},{},69304.0,38.0,0.0,0.0,0.0,Villarreal,22.0
{'David Villa Sánchez': 1},{'Pedro Eliezer Rodríguez Ledesma': 1},69307.0,90.0,1.0,2.0,0.0,Osasuna,22.0
{'Daniel Alves da Silva': 1},{},69271.0,31.0,0.0,1.0,0.0,Osasuna,22.0
{},{'Thiago Alcântara do Nascimento': 1},69305.0,90.0,1.0,2.0,0.0,Almería,22.0
{},{'David Villa Sánchez': 1},69278.0,90.0,1.0,0.0,2.0,Málaga,22.0
{},"{'Pedro Eliezer Rodríguez Ledesma': 1, 'David Villa Sánchez': 1}",69275.0,90.0,2.0,0.0,0.0,Espanyol,22.0
{},{'Pedro Eliezer Rodríguez Ledesma': 1},69295.0,90.0,1.0,1.0,0.0,Racing Santander,22.0
{'David Villa Sánchez': 1},{'David Villa Sánchez': 1},69270.0,90.0,1.0,1.0,0.0,Getafe,22.0
{},{'Bojan Krkíc Pérez': 1},69303.0,90.0,1.0,0.0,0.0,Getafe,22.0
{},{},69245.0,90.0,0.0,1.0,0.0,Real Madrid,22.0
{},{},69287.0,90.0,0.0,0.0,0.0,Hércules,22.0
{'Daniel Alves da Silva': 2},{},69296.0,90.0,0.0,2.0,0.0,Hércules,22.0
{},{},69260.0,90.0,0.0,0.0,0.0,Valencia,22.0
{'Pedro Eliezer Rodríguez Ledesma': 1},{'Gerard Piqué Bernabéu': 1},69269.0,90.0,1.0,1.0,0.0,Atlético Madrid,22.0
{},{'Thiago Alcântara do Nascimento': 1},69246.0,90.0,1.0,0.0,0.0,Real Sociedad,22.0
"{'Daniel Alves da Silva': 1, 'Bojan Krkíc Pérez': 1}",{},69302.0,90.0,0.0,2.0,0.0,Real Sociedad,22.0
{'Daniel Alves da Silva': 1},{},69282.0,90.0,0.0,1.0,0.0,Athletic Club,22.0
{'Adriano Correia Claro': 1},{},69274.0,90.0,0.0,1.0,0.0,Valencia,22.0
{'Seydou Kéita': 1},{},69283.0,90.0,0.0,1.0,0.0,Mallorca,22.0
{},"{'David Villa Sánchez': 1, 'Pedro Eliezer Rodríguez Ledesma': 1}",69280.0,90.0,2.0,1.0,0.0,Deportivo La Coruna,22.0
{'Andrés Iniesta Luján': 1},{},69286.0,90.0,0.0,1.0,0.0,Racing Santander,22.0
{},{},69291.0,90.0,0.0,0.0,1.0,Sevilla,22.0
{'Pedro Eliezer Rodríguez Ledesma': 1},{},69236.0,90.0,0.0,1.0,0.0,Mallorca,22.0
{},{},69234.0,90.0,0.0,0.0,0.0,Espanyol,22.0
{},{},69272.0,90.0,0.0,0.0,0.0,Levante,22.0
{'Pedro Eliezer Rodríguez Ledesma': 1},{},69308.0,90.0,0.0,2.0,0.0,Villarreal,22.0
{},{'David Villa Sánchez': 2},69299.0,90.0,2.0,0.0,0.0,Real Madrid,22.0
{},{},69300.0,90.0,0.0,0.0,0.0,Real Zaragoza,22.0
{},{'David Villa Sánchez': 1},69289.0,90.0,1.0,2.0,0.0,Sevilla,22.0
{'David Villa Sánchez': 1},{},69263.0,90.0,0.0,2.0,0.0,Real Zaragoza,22.0
{'David Villa Sánchez': 1},{'Bojan Krkíc Pérez': 2},69306.0,90.0,2.0,3.0,0.0,Almería,22.0
{},{'David Villa Sánchez': 1},69248.0,90.0,1.0,0.0,1.0,Sporting Gijón,22.0
"{'Daniel Alves da Silva': 1, 'Eric-Sylvain Bilal Abidal': 1}",{},69243.0,90.0,0.0,2.0,0.0,Sevilla,21.0
{'Daniel Alves da Silva': 1},{},69241.0,90.0,0.0,2.0,0.0,Tenerife,21.0
{'Maxwell Scherrer Cabelino Andrade': 1},{},69239.0,90.0,0.0,1.0,1.0,Sevilla,21.0
{},{},69257.0,90.0,0.0,0.0,0.0,Osasuna,21.0
{'Andrés Iniesta Luján': 1},{'Seydou Kéita': 1},69253.0,90.0,1.0,1.0,1.0,Real Zaragoza,21.0
"{'Daniel Alves da Silva': 1, 'Xavier Hernández Creus': 1}",{},69244.0,90.0,0.0,2.0,0.0,Villarreal,21.0
{},{},69277.0,90.0,0.0,0.0,0.0,Osasuna,21.0
{'Zlatan Ibrahimović': 1},{},69229.0,33.0,0.0,1.0,0.0,Getafe,21.0
{'Bojan Krkíc Pérez': 3},{'Carles Puyol i Saforcada': 1},69219.0,90.0,1.0,3.0,0.0,Tenerife,21.0
"{'Daniel Alves da Silva': 1, 'Pedro Eliezer Rodríguez Ledesma': 1}",{},69218.0,90.0,0.0,2.0,0.0,Deportivo La Coruna,21.0
{},{},69250.0,40.0,0.0,1.0,1.0,Mallorca,21.0
{'Gnégnéri Yaya Touré': 2},{'Pedro Eliezer Rodríguez Ledesma': 1},69242.0,90.0,1.0,2.0,0.0,Real Valladolid,21.0
{},{},69256.0,90.0,0.0,0.0,0.0,Almería,21.0
{},{},69298.0,40.0,0.0,0.0,0.0,Mallorca,21.0
{'Xavier Hernández Creus': 1},{},69259.0,90.0,0.0,1.0,0.0,Real Madrid,21.0
"{'Thierry Henry': 2, 'Xavier Hernández Creus': 1}",{},69224.0,90.0,0.0,3.0,0.0,Valencia,21.0
{'Zlatan Ibrahimović': 1},{'Daniel Alves da Silva': 1},69210.0,90.0,1.0,1.0,0.0,Real Valladolid,21.0
{},{},69220.0,90.0,0.0,0.0,1.0,Sporting Gijón,21.0
{},{},69237.0,90.0,0.0,0.0,1.0,Atlético Madrid,21.0
{},{},69226.0,90.0,0.0,2.0,0.0,Almería,21.0
{},{},69252.0,90.0,0.0,0.0,1.0,Valencia,21.0
{},{'Zlatan Ibrahimović': 1},69255.0,90.0,1.0,0.0,0.0,Málaga,21.0
{},{},69214.0,39.0,0.0,0.0,0.0,Xerez,21.0
{},{},69262.0,90.0,0.0,0.0,0.0,Real Madrid,21.0
{'Gnégnéri Yaya Touré': 1},{'Xavier Hernández Creus': 1},69240.0,90.0,1.0,1.0,0.0,Getafe,21.0
{},{'Thiago Alcântara do Nascimento': 1},69233.0,90.0,1.0,0.0,0.0,Racing Santander,21.0
{},{},69213.0,90.0,0.0,0.0,0.0,Espanyol,21.0
{'Daniel Alves da Silva': 1},{},69238.0,90.0,0.0,1.0,2.0,Málaga,21.0
{},{'Zlatan Ibrahimović': 1},69267.0,36.0,1.0,0.0,0.0,Xerez,21.0
{},{},69288.0,90.0,0.0,0.0,0.0,Athletic Club,21.0
{'Xavier Hernández Creus': 2},{'Zlatan Ibrahimović': 1},69254.0,90.0,1.0,2.0,0.0,Racing Santander,21.0
"{'Daniel Alves da Silva': 1, 'Xavier Hernández Creus': 1}",{'Seydou Kéita': 1},69292.0,90.0,1.0,2.0,0.0,Atlético Madrid,21.0
"{'Pedro Eliezer Rodríguez Ledesma': 1, 'Andrés Iniesta Luján': 1}",{},69227.0,90.0,0.0,3.0,0.0,Real Zaragoza,21.0
{'Pedro Eliezer Rodríguez Ledesma': 1},{},69247.0,90.0,0.0,1.0,0.0,Athletic Club,21.0
{},{},69221.0,90.0,0.0,0.0,0.0,Deportivo La Coruna,21.0
{'Thierry Henry': 1},{},69225.0,90.0,0.0,1.0,1.0,Real Madrid,41.0
{},{},69212.0,90.0,0.0,1.0,1.0,Atlético Madrid,41.0
{},{},69235.0,90.0,0.0,1.0,0.0,Málaga,41.0
{},"{'Thierry Henry': 1, 'Samuel Eto""o Fils': 1}",69232.0,90.0,2.0,0.0,0.0,Almería,41.0
{},{},69216.0,90.0,0.0,1.0,0.0,Athletic Club,41.0
{},{},69209.0,32.0,0.0,2.0,0.0,Racing Santander,41.0
{},"{'Daniel Alves da Silva': 1, 'Samuel Eto""o Fils': 1}",69231.0,90.0,2.0,0.0,1.0,Sporting Gijón,41.0
{},{},69217.0,90.0,0.0,0.0,0.0,Villarreal,41.0
{},{},69273.0,32.0,0.0,0.0,0.0,Real Valladolid,41.0
{},{},69222.0,90.0,0.0,0.0,0.0,Recreativo Huelva,41.0
{},{},69223.0,90.0,0.0,1.0,0.0,Getafe,41.0
{},{},69195.0,34.0,0.0,0.0,1.0,Real Betis,41.0
{'Andrés Iniesta Luján': 1},{},69251.0,90.0,0.0,1.0,0.0,Valencia,41.0
{'Thierry Henry': 1},{},69185.0,90.0,0.0,1.0,0.0,Atlético Madrid,41.0
{'Xavier Hernández Creus': 1},{},69142.0,90.0,0.0,1.0,1.0,Málaga,41.0
{},{},69139.0,90.0,0.0,0.0,0.0,Espanyol,41.0
{'Daniel Alves da Silva': 1},{'Thierry Henry': 1},69189.0,90.0,1.0,2.0,0.0,Numancia,41.0
"{'Xavier Hernández Creus': 1, 'Aliaksandr Hleb': 1}",{},69171.0,90.0,0.0,2.0,0.0,Sevilla,41.0
{'Xavier Hernández Creus': 1},{'Thierry Henry': 1},69249.0,90.0,1.0,2.0,0.0,Real Madrid,41.0
{},{},69215.0,32.0,0.0,1.0,0.0,Racing Santander,41.0
{'Xavier Hernández Creus': 1},{'Andrés Iniesta Luján': 1},69138.0,90.0,1.0,2.0,0.0,Sporting Gijón,41.0
{},{},69147.0,90.0,0.0,0.0,0.0,Numancia,41.0
{},{},69177.0,90.0,0.0,0.0,1.0,Almería,41.0
{},"{'Samuel Eto""o Fils': 2}",69207.0,90.0,2.0,0.0,1.0,Real Betis,41.0
{},{},69228.0,90.0,0.0,0.0,1.0,Villarreal,41.0
{'Xavier Hernández Creus': 1},{},69183.0,90.0,0.0,1.0,0.0,Deportivo La Coruna,41.0
{},"{'Samuel Eto""o Fils': 1}",69279.0,90.0,1.0,0.0,0.0,Real Valladolid,41.0
{'Daniel Alves da Silva': 1},{},69285.0,90.0,0.0,1.0,0.0,Recreativo Huelva,41.0
{},{},69211.0,90.0,0.0,1.0,0.0,Espanyol,41.0
{},"{'Samuel Eto""o Fils': 1}",69230.0,90.0,1.0,1.0,0.0,Osasuna,41.0
{},{},69149.0,90.0,0.0,0.0,0.0,Valencia,41.0
{'Anderson Luís de Souza': 1},{'Thierry Henry': 1},69151.0,90.0,1.0,1.0,0.0,Levante,40.0
{'Ronaldo de Assis Moreira': 1},{},69144.0,90.0,0.0,1.0,0.0,Atlético Madrid,40.0
{},{},69169.0,90.0,0.0,0.0,1.0,Athletic Club,40.0
{'Xavier Hernández Creus': 1},"{'Samuel Eto""o Fils': 2}",68360.0,90.0,2.0,1.0,0.0,Levante,40.0
{},{'Giovani dos Santos Ramírez': 2},69186.0,90.0,2.0,0.0,0.0,Real Murcia,40.0
{},{},69180.0,90.0,0.0,0.0,0.0,Racing Santander,40.0
"{'Thierry Henry': 1, 'Anderson Luís de Souza': 1}",{},69143.0,90.0,0.0,2.0,0.0,Real Zaragoza,40.0
{},{},69181.0,90.0,0.0,0.0,1.0,Athletic Club,40.0
{},{},68365.0,34.0,0.0,0.0,0.0,Atlético Madrid,40.0
{},{},69178.0,90.0,0.0,0.0,0.0,Getafe,40.0
{},{'Bojan Krkíc Pérez': 1},68364.0,90.0,1.0,0.0,1.0,Villarreal,40.0
{},{},69170.0,90.0,0.0,0.0,0.0,Deportivo La Coruna,40.0
{},{},68359.0,45.0,0.0,0.0,0.0,Espanyol,40.0
{},{'Andrés Iniesta Luján': 1},68356.0,90.0,1.0,0.0,0.0,Espanyol,40.0
{},{},69158.0,16.0,0.0,1.0,0.0,Almería,40.0
{},{},69187.0,90.0,0.0,0.0,0.0,Osasuna,40.0
{},{},68363.0,90.0,0.0,0.0,0.0,Real Valladolid,40.0
{},{},69166.0,90.0,0.0,0.0,0.0,Real Betis,40.0
{},{},68366.0,90.0,0.0,0.0,0.0,Mallorca,40.0
{'Thierry Henry': 1},{},69148.0,90.0,0.0,2.0,2.0,Sevilla,40.0
{},{},69184.0,90.0,0.0,1.0,3.0,Recreativo Huelva,40.0
{},{},69173.0,25.0,0.0,0.0,0.0,Racing Santander,40.0
{},{'Xavier Hernández Creus': 1},69146.0,90.0,1.0,0.0,0.0,Sevilla,40.0
{},{},69182.0,90.0,0.0,0.0,0.0,Real Zaragoza,40.0
{},{},68358.0,26.0,0.0,0.0,0.0,Recreativo Huelva,40.0
{},{'Thierry Henry': 1},68361.0,90.0,1.0,0.0,0.0,Real Madrid,40.0
{},{'Thierry Henry': 1},69141.0,90.0,1.0,1.0,0.0,Valencia,40.0
{},"{'Samuel Eto""o Fils': 2}",69145.0,90.0,2.0,0.0,0.0,Valencia,40.0
"{'Samuel Eto""o Fils': 1, 'Giovanni van Bronckhorst': 1}",{},69176.0,90.0,0.0,2.0,0.0,Atlético Madrid,39.0
{},{},69179.0,90.0,0.0,0.0,2.0,Real Zaragoza,39.0
{},{},68334.0,90.0,0.0,0.0,0.0,Sevilla,39.0
{},{},68333.0,24.0,0.0,0.0,0.0,Athletic Club,39.0
{'Anderson Luís de Souza': 1},{'Carles Puyol i Saforcada': 1},68336.0,90.0,1.0,2.0,0.0,Gimnàstic Tarragona,39.0
{'Andrés Iniesta Luján': 1},"{'Samuel Eto""o Fils': 1}",68326.0,90.0,1.0,1.0,1.0,Celta Vigo,39.0
{},{},69162.0,90.0,0.0,0.0,1.0,Real Betis,39.0
"{'Samuel Eto""o Fils': 1, 'Ronaldo de Assis Moreira': 1}",{},68335.0,90.0,0.0,3.0,0.0,Real Madrid,39.0
{},{},68332.0,35.0,0.0,0.0,0.0,Valencia,39.0
{},{},68330.0,90.0,0.0,0.0,1.0,Real Madrid,39.0
{'Xavier Hernández Creus': 1},{},68329.0,90.0,0.0,1.0,0.0,Sevilla,39.0
{},{},68341.0,90.0,0.0,1.0,0.0,Recreativo Huelva,39.0
{'Anderson Luís de Souza': 1},{},69165.0,90.0,0.0,2.0,0.0,Espanyol,39.0
{},{},69155.0,90.0,0.0,0.0,0.0,Villarreal,39.0
{},{},69154.0,23.0,0.0,0.0,0.0,Racing Santander,39.0
{},{},69156.0,90.0,0.0,0.0,1.0,Levante,39.0
{},{},69159.0,90.0,0.0,0.0,0.0,Mallorca,39.0
{'Ronaldo de Assis Moreira': 1},{},69175.0,90.0,0.0,1.0,0.0,Deportivo La Coruna,39.0
{},{},69160.0,90.0,0.0,0.0,1.0,Real Sociedad,39.0
{},{},68331.0,90.0,0.0,0.0,0.0,Real Zaragoza,39.0
{},{},68328.0,90.0,0.0,0.0,0.0,Valencia,39.0
{},{},68340.0,90.0,0.0,0.0,0.0,Racing Santander,39.0
{},{},69174.0,90.0,0.0,0.0,0.0,Deportivo La Coruna,39.0
{},{},68347.0,90.0,0.0,0.0,1.0,Athletic Club,39.0
"{'Samuel Eto""o Fils': 1}",{},68327.0,90.0,0.0,1.0,0.0,Osasuna,39.0
{},{},69157.0,90.0,0.0,0.0,0.0,Getafe,39.0
{},{},69164.0,29.0,0.0,0.0,0.0,Málaga,38.0
{},{},68324.0,18.0,0.0,1.0,0.0,Deportivo Alavés,38.0
{},{},68320.0,90.0,0.0,0.0,0.0,Villarreal,38.0
{},{},68323.0,90.0,0.0,0.0,0.0,Celta Vigo,38.0
{},{},69172.0,15.0,0.0,1.0,0.0,Real Betis,38.0
{},{},68339.0,22.0,0.0,0.0,0.0,Getafe,38.0
{},{},68348.0,90.0,0.0,0.0,0.0,Espanyol,38.0
"{'Samuel Eto""o Fils': 1}",{},68354.0,90.0,0.0,1.0,0.0,Racing Santander,38.0
{},{},68351.0,90.0,0.0,0.0,0.0,Real Zaragoza,38.0
{},{},68317.0,24.0,0.0,0.0,0.0,Real Zaragoza,38.0
{},{},68350.0,90.0,0.0,0.0,0.0,Atlético Madrid,38.0
"{'Sylvio Mendes Campos Junior': 1, 'Ronaldo de Assis Moreira': 1}",{},68325.0,17.0,0.0,2.0,0.0,Mallorca,38.0
{},{},68321.0,90.0,0.0,0.0,0.0,Sevilla,38.0
{},{},68319.0,90.0,0.0,0.0,0.0,Real Madrid,38.0
{},{},68342.0,90.0,0.0,1.0,0.0,Athletic Club,38.0
{},"{'Samuel Eto""o Fils': 1}",68322.0,90.0,1.0,0.0,0.0,Cádiz,38.0
{},{},68318.0,90.0,0.0,0.0,0.0,Osasuna,38.0
{},{},68314.0,9.0,0.0,0.0,0.0,Málaga,37.0
{},{},68313.0,18.0,0.0,0.0,0.0,Osasuna,37.0
{'Ronaldo de Assis Moreira': 1},{},68316.0,3.0,0.0,1.0,0.0,Albacete,37.0
{},{},68315.0,33.0,0.0,0.0,0.0,Levante,37.0
{},{},69153.0,-6.0,0.0,0.0,0.0,Albacete,37.0
{},{},68352.0,5.0,0.0,0.0,0.0,Getafe,37.0
{},{},68353.0,9.0,0.0,0.0,0.0,Espanyol,37.0
